{
    "action": {
        "mean": [
            0.06921608746051788,
            0.13333716988563538,
            -0.046469513326883316,
            0.0011834637261927128,
            0.006953002419322729,
            -0.015116607770323753,
            0.06516166031360626
        ],
        "std": [
            0.2692875564098358,
            0.4363507628440857,
            0.44580984115600586,
            0.024244721978902817,
            0.049547918140888214,
            0.04261966422200203,
            0.9977891445159912
        ],
        "min": [
            -0.8839285969734192,
            -0.9375,
            -0.9375,
            -0.15000000596046448,
            -0.3557142913341522,
            -0.32892856001853943,
            -1.0
        ],
        "max": [
            0.9375,
            0.8919642567634583,
            0.9375,
            0.17678570747375488,
            0.35035714507102966,
            0.1810714304447174,
            1.0
        ],
        "q01": [
            -0.543749988079071,
            -0.8758928775787354,
            -0.9375,
            -0.06964285671710968,
            -0.11785714328289032,
            -0.16285714507102966,
            -1.0
        ],
        "q99": [
            0.84375,
            0.84375,
            0.9375,
            0.0803571417927742,
            0.14785714447498322,
            0.0867857113480568,
            1.0
        ]
    },
    "observation.state": {
        "mean": [
            -0.027784930542111397,
            -0.00715683912858367,
            0.2013658881187439,
            3.101915121078491,
            -0.2290632277727127,
            -0.13082720339298248,
            -0.027784930542111397,
            -0.00715683912858367,
            0.2013658881187439,
            3.101915121078491,
            -0.2290632277727127,
            -0.13082720339298248,
            0.029387841001152992,
            -0.03083714284002781,
            -0.002374582225456834,
            0.38262373208999634,
            -0.017493274062871933,
            -1.890017032623291,
            0.014288609847426414,
            2.184499502182007,
            0.8984603881835938
        ],
        "std": [
            0.06713823229074478,
            0.17740315198898315,
            0.0777432769536972,
            0.09065302461385727,
            0.3428826630115509,
            0.2124386429786682,
            0.06713823229074478,
            0.17740315198898315,
            0.0777432769536972,
            0.09065302461385727,
            0.3428826630115509,
            0.2124386429786682,
            0.009491770528256893,
            0.008992372080683708,
            0.12091174721717834,
            0.250205397605896,
            0.19281524419784546,
            0.308679461479187,
            0.13252757489681244,
            0.27439117431640625,
            0.4564673602581024
        ],
        "min": [
            -0.19959069788455963,
            -0.28629446029663086,
            0.007761544547975063,
            2.2898480892181396,
            -1.8790335655212402,
            -1.1541749238967896,
            -0.19959069788455963,
            -0.28629446029663086,
            0.007761544547975063,
            2.2898480892181396,
            -1.8790335655212402,
            -1.1541749238967896,
            0.0006632759468629956,
            -0.041699301451444626,
            -0.7757278084754944,
            -0.22410698235034943,
            -0.38705816864967346,
            -2.544099807739258,
            -0.7161961793899536,
            0.8349756598472595,
            -0.5219020247459412
        ],
        "max": [
            0.1476307511329651,
            0.3222537934780121,
            0.38164108991622925,
            3.382187604904175,
            0.7363167405128479,
            0.665116012096405,
            0.1476307511329651,
            0.3222537934780121,
            0.38164108991622925,
            3.382187604904175,
            0.7363167405128479,
            0.665116012096405,
            0.04121255874633789,
            -0.0007099140784703195,
            0.3369721472263336,
            1.4163662195205688,
            0.40167275071144104,
            -0.06583424657583237,
            0.8046861886978149,
            3.2406625747680664,
            2.5279793739318848
        ],
        "q01": [
            -0.15148603320121765,
            -0.25970297276973725,
            0.010138885155320167,
            2.734634437561035,
            -1.4070621967315673,
            -0.7197892844676972,
            -0.15148603320121765,
            -0.25970297276973725,
            0.010138885155320167,
            2.734634437561035,
            -1.4070621967315673,
            -0.7197892844676972,
            0.0064999786950647835,
            -0.04019415654242039,
            -0.24871669411659242,
            -0.15696801334619523,
            -0.33000046133995053,
            -2.4429434728622437,
            -0.29364412009716034,
            1.4618465828895568,
            -0.00331342407967893
        ],
        "q99": [
            0.09272299408912678,
            0.29072795450687416,
            0.3342412716150284,
            3.2531409740448,
            0.3038190340995792,
            0.3852841925621033,
            0.09272299408912678,
            0.29072795450687416,
            0.3342412716150284,
            3.2531409740448,
            0.3038190340995792,
            0.3852841925621033,
            0.03985941894352436,
            -0.007416420578956585,
            0.22772990703582768,
            0.8502380073070529,
            0.3077705860137942,
            -1.0984428524970995,
            0.4725102806091319,
            2.8553276205062867,
            2.1166049671173095
        ]
    },
    "timestamp": {
        "mean": [
            7.539713382720947
        ],
        "std": [
            4.565664768218994
        ],
        "min": [
            0.0
        ],
        "max": [
            25.299999237060547
        ],
        "q01": [
            0.10000000149011612
        ],
        "q99": [
            17.600000381469727
        ]
    },
    "episode_index": {
        "mean": [
            24.470035552978516
        ],
        "std": [
            14.43364143371582
        ],
        "min": [
            0.0
        ],
        "max": [
            49.0
        ],
        "q01": [
            0.0
        ],
        "q99": [
            49.0
        ]
    },
    "task_index": {
        "mean": [
            4.570456504821777
        ],
        "std": [
            2.873271942138672
        ],
        "min": [
            0.0
        ],
        "max": [
            9.0
        ],
        "q01": [
            0.0
        ],
        "q99": [
            9.0
        ]
    },
    "annotation.human.action.task_description": {
        "mean": [
            4.570456504821777
        ],
        "std": [
            2.873271942138672
        ],
        "min": [
            0.0
        ],
        "max": [
            9.0
        ],
        "q01": [
            0.0
        ],
        "q99": [
            9.0
        ]
    }
}